supplierId,name,serviceType,contractStart,contractEnd
1,"Hane, Kris and Reynolds",Gardening Support,10/16/2016,7/12/2030
2,"Smith, Sawayn and King",Drama Activities,2/10/2018,7/13/2033
3,Hahn and Sons,Dance Classes,2/28/2025,3/7/2030
4,Kuhlman-Labadie,Memory Games,2/3/2022,7/3/2038
5,Larkin-Hagenes,Reading Circles,3/21/2023,7/5/2034
6,Littel Inc,Art Workshops,7/27/2017,6/12/2030
7,Swaniawski and Sons,Movie Nights,4/21/2015,6/12/2038
8,"Herman, Hansen and Hand",Drama Activities,11/4/2022,12/17/2027
9,"Dietrich, Keeling and Ritchie",Social Clubs,2/11/2016,9/9/2030
10,Spencer-Stehr,Reading Circles,12/30/2019,11/3/2027
11,Kirlin Group,Language Lessons,3/4/2018,8/23/2032
12,Koss Group,Technology Classes,3/3/2024,11/2/2032
13,Skiles-Dicki,Board Games Supply,8/29/2019,1/31/2027
14,Kuvalis-Schowalter,Knitting Groups,8/19/2021,4/5/2033
15,Batz-Kassulke,Craft Materials,4/2/2020,4/15/2027
16,Gusikowski-Olson,Technology Classes,5/31/2021,5/12/2025
17,Nitzsche and Sons,Memory Games,1/1/2024,5/1/2027
18,Haley Group,Drama Activities,2/2/2021,5/21/2030
19,Dach Inc,Movie Nights,3/23/2020,7/1/2028
20,"Ferry, Schultz and Becker",Board Games Supply,8/16/2024,6/15/2029
21,Koepp-Howe,Music Therapy,4/27/2015,3/27/2039
22,Homenick-Bartoletti,Pet Therapy,8/28/2019,9/25/2038
23,"Altenwerth, Lubowitz and Klocko",Craft Materials,2/20/2020,5/20/2027
24,Klocko Group,Language Lessons,3/29/2016,3/21/2032
25,Sporer LLC,Painting Classes,9/15/2020,6/25/2037
26,Legros Inc,Bingo Events,5/16/2023,8/5/2031
27,Blanda Group,Social Clubs,11/7/2019,10/25/2036
28,Mohr-Prosacco,Language Lessons,1/17/2022,7/9/2025
29,"Boehm, Hackett and Bashirian",Knitting Groups,4/16/2021,8/8/2037
30,"Haley, Zieme and Connelly",Board Games Supply,3/18/2017,7/19/2030
31,"Mosciski, Huels and Cartwright",Memory Games,10/26/2015,12/2/2033
32,Cremin Inc,Knitting Groups,6/22/2016,8/20/2031
33,"Parisian, Walter and Gerlach",Gardening Support,12/12/2022,10/6/2032
34,Miller-Pagac,Painting Classes,1/10/2020,12/5/2032
35,Hessel-Schmidt,Art Workshops,9/19/2018,9/6/2031
36,Welch and Sons,Music Therapy,7/7/2020,11/2/2028
37,"Schmeler, Rolfson and Ullrich",Music Therapy,10/10/2022,12/21/2026
38,Strosin LLC,Dance Classes,8/14/2017,7/5/2030
39,Osinski and Sons,Drama Activities,3/22/2020,6/1/2036
40,Macejkovic Group,Movie Nights,1/11/2022,5/23/2037
41,Kautzer-Williamson,Reading Circles,7/24/2015,3/3/2026
42,Haley and Sons,Drama Activities,12/14/2020,9/14/2037
43,"Hills, Cartwright and Fahey",Bingo Events,5/13/2023,4/17/2029
44,"Rohan, Buckridge and Dooley",Board Games Supply,11/19/2017,11/14/2028
45,Wiza-Tillman,Fitness Sessions,7/8/2021,3/29/2026
46,"Trantow, Paucek and DuBuque",Art Workshops,9/3/2016,2/22/2030
47,Daugherty and Sons,Cooking Lessons,2/14/2015,3/6/2040
48,Abbott and Sons,Painting Classes,12/21/2022,5/3/2027
49,"Reilly, Zieme and Lemke",Music Therapy,9/4/2018,11/22/2029
50,Stokes-Smith,Dance Classes,12/30/2023,1/19/2028
51,Bogisich and Sons,Fitness Sessions,7/30/2023,6/27/2033
52,"Christiansen, Schowalter and Terry",Painting Classes,3/15/2025,4/28/2032
53,"McCullough, Marks and Weissnat",Dance Classes,9/1/2020,1/18/2038
54,Rippin-Ziemann,Painting Classes,2/19/2017,10/10/2036
55,Shanahan-Berge,Bingo Events,7/31/2018,3/1/2034
56,Skiles LLC,Drama Activities,1/16/2025,7/12/2027
57,Mayer-Jacobi,Gardening Support,10/2/2021,3/26/2035
58,"Steuber, Hyatt and Hermann",Puzzle Activities,7/25/2021,4/16/2036
59,"Legros, Hessel and Gutkowski",Gardening Support,3/15/2015,8/23/2029
60,"Legros, Bogan and Harvey",Puzzle Activities,5/20/2022,4/25/2029
61,Aufderhar and Sons,Fitness Sessions,5/30/2024,10/17/2025
62,Blanda-Dibbert,Bingo Events,2/23/2022,4/10/2032
63,"Abbott, Conn and Williamson",Fitness Sessions,5/4/2023,12/20/2030
64,"Stracke, Sauer and Wuckert",Craft Materials,2/14/2019,12/11/2037
65,Daniel-McKenzie,Cooking Lessons,2/13/2017,4/23/2031
66,"Abernathy, Borer and Pacocha",Bingo Events,1/6/2023,9/9/2035
67,Bogisich-Morissette,Painting Classes,4/19/2016,2/22/2030
68,Reinger and Sons,Social Clubs,3/26/2019,10/12/2028
69,"Vandervort, Stiedemann and Adams",Memory Games,8/25/2020,12/31/2037
70,Rohan-Bayer,Memory Games,10/15/2017,5/28/2032
71,McClure Group,Knitting Groups,9/11/2021,9/11/2039
72,"Batz, Bailey and O'Hara",Music Therapy,9/21/2021,6/30/2036
73,Will-Botsford,Board Games Supply,4/9/2021,1/2/2029
74,Mitchell-Wisoky,Painting Classes,8/1/2015,12/28/2039
75,Schroeder-Smitham,Painting Classes,12/8/2022,1/10/2040
76,"Spinka, Watsica and Keebler",Bingo Events,5/24/2023,8/9/2033
77,"Windler, Schaden and Anderson",Movie Nights,4/24/2021,7/27/2035
78,Wiegand Group,Cooking Lessons,4/12/2019,4/10/2026
79,Homenick-Dickens,Technology Classes,9/10/2020,6/1/2036
80,Ziemann-Monahan,Movie Nights,9/16/2016,12/1/2026
81,Zieme-Kreiger,Drama Activities,11/29/2019,8/18/2037
82,Kuvalis and Sons,Language Lessons,3/3/2016,9/26/2039
83,Jaskolski-Bergstrom,Gardening Support,11/7/2024,4/18/2030
84,Kreiger-Konopelski,Technology Classes,9/7/2022,3/11/2034
85,Cole-Oberbrunner,Memory Games,6/26/2020,10/14/2035
86,Runolfsdottir-Schuster,Craft Materials,12/22/2020,10/30/2038
87,"Metz, Murazik and Christiansen",Gardening Support,4/25/2021,2/29/2040
88,West-Labadie,Bingo Events,1/7/2016,9/6/2027
89,Gleichner LLC,Knitting Groups,2/16/2021,8/20/2037
90,"Larkin, Kihn and Dooley",Painting Classes,9/24/2021,8/18/2031
91,White-Herman,Memory Games,7/7/2019,11/8/2030
92,Rowe and Sons,Painting Classes,2/26/2015,1/10/2034
93,"Paucek, Abernathy and Wilkinson",Art Workshops,4/2/2024,11/30/2037
94,Bogan LLC,Memory Games,5/18/2017,7/25/2031
95,"Murazik, Beer and Jacobs",Social Clubs,9/19/2024,8/10/2038
96,"Morar, Labadie and Towne",Painting Classes,2/7/2023,7/17/2028
97,Ruecker Group,Board Games Supply,2/15/2022,11/11/2034
98,"Pouros, Padberg and O'Kon",Movie Nights,10/16/2020,8/2/2037
99,Cruickshank Group,Language Lessons,3/30/2022,3/28/2027
100,Weimann-Yost,Technology Classes,9/15/2023,4/9/2037
101,Lehner Group,Social Clubs,12/28/2024,5/18/2038
102,Rolfson and Sons,Reading Circles,5/13/2024,10/22/2032
103,Considine-Kuhn,Technology Classes,8/14/2023,5/3/2030
104,"Rippin, Haag and Jones",Memory Games,8/19/2018,10/13/2039
105,"Rolfson, Lehner and Littel",Board Games Supply,11/16/2017,6/28/2033
106,Doyle-Langworth,Bingo Events,3/2/2023,9/18/2038
107,"Schaefer, Kihn and Davis",Memory Games,5/26/2023,9/25/2039
108,"Greenfelder, Jaskolski and Breitenberg",Technology Classes,3/19/2021,12/28/2039
109,Krajcik Group,Fitness Sessions,8/22/2015,10/16/2034
110,"Batz, O'Conner and Strosin",Bingo Events,4/8/2021,8/19/2028
111,Hermiston Group,Language Lessons,5/24/2021,9/10/2030
112,Walter-Olson,Memory Games,12/6/2019,1/26/2036
113,Carroll and Sons,Music Therapy,1/6/2019,4/11/2033
114,Vandervort Inc,Bingo Events,6/11/2016,10/18/2037
115,Pfannerstill-McCullough,Technology Classes,10/8/2018,11/13/2034
116,Glover-Konopelski,Music Therapy,6/15/2018,2/18/2038
117,Senger LLC,Memory Games,12/4/2024,5/29/2033
118,Kemmer Inc,Music Therapy,3/20/2016,1/1/2038
119,Reynolds-Streich,Craft Materials,5/31/2017,12/19/2028
120,Swift-Schuppe,Fitness Sessions,6/24/2018,11/9/2027
121,Witting-Barrows,Language Lessons,1/20/2016,6/15/2036
122,"Gleason, Mills and Schneider",Music Therapy,4/29/2019,11/16/2028
123,Fisher-Schumm,Puzzle Activities,2/29/2024,8/17/2036
124,Altenwerth-Beer,Reading Circles,7/21/2022,10/14/2028
125,"Jacobs, Howell and Ritchie",Technology Classes,3/18/2025,3/19/2031
126,"Williamson, Dibbert and Donnelly",Gardening Support,2/13/2022,4/29/2025
127,Stamm-Ondricka,Memory Games,5/12/2022,6/17/2028
128,Hyatt-Ortiz,Bingo Events,8/5/2022,8/25/2037
129,Will Group,Art Workshops,3/24/2024,7/12/2028
130,Abbott Group,Cooking Lessons,10/10/2016,1/26/2027
131,Becker-Dach,Music Therapy,4/15/2022,11/9/2026
132,"Altenwerth, Krajcik and Bogan",Movie Nights,11/24/2016,4/30/2027
133,Dare and Sons,Cooking Lessons,4/24/2016,9/1/2030
134,Wiza Group,Music Therapy,8/26/2021,3/27/2033
135,Bogisich LLC,Language Lessons,5/17/2015,11/1/2028
136,Crist and Sons,Bingo Events,9/9/2020,5/7/2027
137,Auer-Rogahn,Cooking Lessons,8/2/2015,9/9/2031
138,"Kirlin, Christiansen and Parker",Fitness Sessions,4/18/2023,8/20/2025
139,Schroeder-McCullough,Knitting Groups,9/7/2021,12/16/2026
140,"Hilll, Barton and Gorczany",Bingo Events,7/15/2023,8/24/2030
141,McDermott-Reilly,Technology Classes,2/4/2022,9/11/2025
142,"Fisher, Okuneva and Huels",Pet Therapy,2/11/2016,1/10/2033
143,Schmidt and Sons,Technology Classes,6/5/2019,11/4/2025
144,Bartell and Sons,Cooking Lessons,6/8/2015,7/24/2028
145,Jast and Sons,Drama Activities,7/10/2023,5/4/2033
146,"Padberg, Cummings and Kris",Board Games Supply,7/1/2015,3/28/2025
147,Gerlach-Kunde,Reading Circles,1/11/2022,2/12/2038
148,"Mante, Gutkowski and Koss",Movie Nights,6/1/2020,8/23/2035
149,Kemmer-Sanford,Music Therapy,1/3/2016,11/21/2028
150,"Heaney, Bartell and Krajcik",Language Lessons,7/11/2016,1/10/2035
151,Reinger Inc,Movie Nights,7/20/2019,6/29/2028
152,Murphy-Larson,Art Workshops,9/17/2015,5/31/2028
153,Hilpert-Lehner,Technology Classes,1/18/2016,5/31/2025
154,"Price, Ferry and Walter",Dance Classes,2/29/2020,8/18/2027
155,Cormier-Erdman,Art Workshops,3/25/2023,7/10/2032
156,"Volkman, Wehner and Cronin",Dance Classes,8/17/2022,11/8/2026
157,Corwin and Sons,Painting Classes,8/1/2024,7/18/2035
158,"Kunze, Beahan and Jerde",Drama Activities,5/30/2021,4/2/2027
159,"Windler, Kulas and Bins",Art Workshops,10/8/2018,12/19/2036
160,Marvin Group,Gardening Support,11/22/2019,4/4/2032
161,Zulauf-Nader,Bingo Events,7/2/2017,11/5/2029
162,Fahey Inc,Bingo Events,12/30/2021,11/16/2034
163,Zemlak-Crona,Drama Activities,4/13/2015,6/27/2028
164,Pacocha-Moen,Pet Therapy,12/2/2018,7/30/2035
165,Christiansen-Zieme,Reading Circles,10/10/2018,3/9/2035
166,Watsica Inc,Bingo Events,11/11/2017,10/8/2036
167,Brakus-Nolan,Technology Classes,5/18/2024,10/5/2031
168,"Gleichner, Maggio and Hilll",Social Clubs,2/5/2022,8/25/2030
169,"Bayer, Dare and Johns",Art Workshops,10/15/2017,3/15/2039
170,Doyle Group,Dance Classes,6/11/2022,11/28/2033
171,Ebert Inc,Dance Classes,2/6/2024,3/5/2036
172,Marquardt-Watsica,Craft Materials,10/5/2024,3/9/2028
173,"Trantow, Rodriguez and Waters",Reading Circles,1/28/2016,5/19/2038
174,Parisian and Sons,Pet Therapy,3/17/2019,5/25/2029
175,Bergnaum-Schulist,Craft Materials,8/31/2023,7/28/2030
176,"Kerluke, Friesen and Kshlerin",Knitting Groups,11/19/2021,10/1/2032
177,"Ryan, Collins and Bernier",Board Games Supply,10/7/2019,11/16/2034
178,Collins-Leuschke,Cooking Lessons,1/9/2023,11/17/2033
179,"Shields, Rolfson and Cormier",Language Lessons,8/21/2022,10/30/2025
180,Bergstrom-Marks,Puzzle Activities,7/22/2015,8/16/2025
181,Simonis-Parisian,Pet Therapy,9/27/2016,3/1/2028
182,Ferry Inc,Technology Classes,3/17/2022,12/3/2031
183,Kris-Reichert,Board Games Supply,1/14/2023,11/22/2036
184,Beatty-Kovacek,Puzzle Activities,5/28/2023,8/23/2039
185,"Luettgen, Klocko and Bailey",Dance Classes,2/14/2022,2/7/2035
186,Gutmann-Dietrich,Pet Therapy,12/3/2016,4/23/2030
187,Carter-Considine,Bingo Events,3/12/2018,7/30/2039
188,Vandervort Group,Board Games Supply,5/5/2016,8/10/2027
189,"Pouros, Hamill and Toy",Gardening Support,7/19/2022,5/30/2030
190,Sawayn LLC,Movie Nights,7/4/2018,8/24/2035
191,"Rutherford, Donnelly and Goyette",Craft Materials,11/17/2020,5/18/2027
192,Dickens Group,Art Workshops,12/17/2016,9/23/2036
193,Strosin-DuBuque,Cooking Lessons,10/11/2021,11/27/2036
194,Barton-Greenholt,Painting Classes,12/10/2016,9/11/2039
195,O'Reilly and Sons,Bingo Events,3/27/2019,11/23/2027
196,"Miller, Bahringer and Gusikowski",Dance Classes,7/13/2022,9/30/2027
197,Lindgren-Christiansen,Knitting Groups,8/28/2021,7/12/2039
198,McClure-Parker,Craft Materials,12/13/2019,9/8/2036
199,Braun and Sons,Music Therapy,7/13/2024,5/27/2031
200,Wolf Group,Fitness Sessions,7/10/2018,8/30/2038
201,Kovacek Group,Painting Classes,6/18/2022,10/11/2032
202,Larson Inc,Art Workshops,10/11/2019,8/10/2025
203,"Strosin, Beahan and Mertz",Fitness Sessions,10/2/2019,10/9/2035
204,"Paucek, Kuhic and Ziemann",Painting Classes,12/31/2016,12/20/2026
205,Altenwerth Group,Music Therapy,6/2/2018,3/30/2035
206,Gibson-Ledner,Board Games Supply,3/27/2019,4/27/2031
207,Jakubowski Group,Pet Therapy,10/15/2024,6/30/2038
208,"Haley, Lowe and Pfannerstill",Puzzle Activities,3/11/2023,12/2/2032
209,Rohan-Schinner,Drama Activities,8/7/2018,10/23/2037
210,Lind Inc,Reading Circles,12/30/2015,7/29/2036
211,Willms-Mraz,Bingo Events,11/21/2024,1/5/2037
212,"Kling, Wintheiser and Koss",Knitting Groups,6/16/2015,7/1/2037
213,Wolff-Heidenreich,Board Games Supply,3/26/2017,5/4/2030
214,"Koepp, Ryan and Bogan",Knitting Groups,6/19/2021,6/26/2031
215,Bergstrom-Greenholt,Craft Materials,10/27/2024,8/24/2029
216,Von Inc,Reading Circles,11/4/2022,1/7/2028
217,"Bechtelar, Casper and Shields",Painting Classes,9/30/2021,8/24/2025
218,"Kozey, McClure and Langosh",Puzzle Activities,3/11/2024,5/29/2038
219,"Aufderhar, Bode and Hand",Drama Activities,6/4/2019,7/22/2028
220,Terry Inc,Painting Classes,1/18/2023,7/20/2033
221,"Orn, Gutkowski and Macejkovic",Bingo Events,4/1/2020,12/4/2039
222,"Stoltenberg, Huel and Pfannerstill",Movie Nights,2/10/2015,7/19/2031
223,"Hettinger, Willms and Mante",Dance Classes,11/24/2020,1/3/2036
224,Crona-Shields,Dance Classes,7/3/2023,9/27/2026
225,"West, Haag and Brakus",Technology Classes,9/17/2020,9/28/2032
226,Smith-Homenick,Art Workshops,3/3/2022,3/6/2027
227,Kiehn-Hane,Cooking Lessons,7/10/2022,9/18/2032
228,Gleason-Bins,Art Workshops,5/19/2023,4/16/2028
229,Blick Group,Puzzle Activities,7/15/2018,7/27/2035
230,Treutel-Kuvalis,Drama Activities,5/1/2019,5/14/2038
231,Lang Inc,Knitting Groups,5/1/2022,2/17/2030
232,Ferry and Sons,Pet Therapy,2/14/2022,5/14/2033
233,"Turner, Kuhlman and Jakubowski",Craft Materials,2/19/2018,8/4/2032
234,D'Amore-Wiza,Social Clubs,1/22/2015,10/29/2029
235,Veum LLC,Drama Activities,10/8/2016,10/21/2039
236,Lemke-Klocko,Fitness Sessions,10/11/2020,10/26/2028
237,Will Inc,Technology Classes,6/5/2017,12/27/2037
238,Nienow-Kemmer,Gardening Support,3/31/2023,8/4/2032
239,Lakin LLC,Dance Classes,9/3/2021,7/30/2033
240,"Shanahan, Predovic and Breitenberg",Dance Classes,6/3/2023,3/22/2035
241,Satterfield LLC,Board Games Supply,8/23/2018,1/14/2038
242,Goldner-Lind,Technology Classes,6/29/2017,10/28/2033
243,Ledner-Stroman,Movie Nights,11/8/2018,10/18/2036
244,Romaguera-Lubowitz,Craft Materials,11/17/2023,9/1/2025
245,Ankunding Inc,Social Clubs,12/13/2022,10/28/2036
246,Greenfelder Inc,Painting Classes,1/5/2015,1/31/2026
247,"Morar, Flatley and Rau",Language Lessons,11/19/2020,8/14/2033
248,Haley-Bahringer,Board Games Supply,8/16/2020,11/29/2032
249,Hoppe-Graham,Music Therapy,6/22/2016,7/2/2027
250,Larkin-Zulauf,Puzzle Activities,12/7/2018,3/2/2026
251,Bartoletti-Carter,Board Games Supply,10/11/2022,7/8/2030
252,Legros Group,Board Games Supply,9/8/2016,11/27/2034
253,Runolfsson Group,Music Therapy,8/28/2024,10/31/2038
254,Hegmann-Kub,Reading Circles,4/30/2022,5/23/2033
255,Terry-Rowe,Language Lessons,9/30/2023,6/25/2029
256,Lynch-Wuckert,Cooking Lessons,4/28/2018,1/17/2036
257,Hayes Group,Language Lessons,9/14/2015,11/4/2039
258,Heaney Group,Pet Therapy,7/22/2016,2/27/2030
259,Gerhold-Christiansen,Gardening Support,5/18/2022,11/11/2029
260,Pouros-Treutel,Art Workshops,10/3/2016,4/26/2037
261,Lockman-Reinger,Music Therapy,9/12/2020,9/22/2034
262,Stracke Inc,Language Lessons,12/25/2024,1/10/2040
263,Nitzsche and Sons,Pet Therapy,5/28/2016,4/30/2036
264,Mohr LLC,Gardening Support,7/15/2020,7/16/2031
265,Ziemann-Ankunding,Bingo Events,3/15/2019,11/1/2033
266,Schaden Inc,Reading Circles,10/19/2022,7/17/2028
267,"Bernhard, Wolf and Donnelly",Music Therapy,5/13/2024,7/3/2026
268,"Gusikowski, King and Schumm",Reading Circles,3/20/2020,4/11/2030
269,Gislason Inc,Reading Circles,3/16/2024,1/8/2028
270,Zulauf Group,Bingo Events,9/25/2018,8/30/2031
271,"Kautzer, Collier and Ritchie",Pet Therapy,5/19/2017,9/4/2036
272,Fisher Inc,Fitness Sessions,3/10/2024,11/5/2030
273,"Mann, Durgan and Boehm",Board Games Supply,8/18/2022,10/31/2026
274,"Schuster, Greenfelder and Goyette",Music Therapy,12/6/2020,4/6/2032
275,Mueller LLC,Craft Materials,1/11/2017,11/12/2027
276,"Morar, Friesen and Stark",Knitting Groups,9/25/2015,3/11/2030
277,"Runolfsson, Buckridge and Stehr",Reading Circles,3/5/2022,3/8/2033
278,Weimann-Christiansen,Craft Materials,10/25/2015,1/20/2030
279,"Graham, Ullrich and Stamm",Memory Games,1/8/2021,1/18/2029
280,"Prosacco, Prohaska and Mohr",Knitting Groups,10/16/2017,3/17/2034
281,Collier LLC,Music Therapy,4/1/2015,4/30/2037
282,Hermiston and Sons,Art Workshops,9/14/2019,6/23/2029
283,"Zboncak, Cassin and Prohaska",Painting Classes,6/9/2015,7/2/2035
284,Schaefer-Anderson,Craft Materials,8/24/2018,3/24/2030
285,Schamberger LLC,Technology Classes,9/25/2023,10/17/2034
286,"Harber, Stamm and Ernser",Language Lessons,5/18/2024,4/2/2030
287,Jacobson-Yundt,Fitness Sessions,9/17/2016,4/20/2031
288,Barton Inc,Music Therapy,1/29/2022,1/26/2031
289,Williamson-Murphy,Technology Classes,4/29/2024,6/3/2027
290,"Daniel, O'Hara and O'Keefe",Gardening Support,5/9/2022,9/17/2031
291,Mohr-Stehr,Fitness Sessions,11/12/2018,10/8/2036
292,Beer-Batz,Craft Materials,7/30/2023,9/25/2038
293,Hirthe Inc,Technology Classes,6/19/2015,12/14/2033
294,"Casper, Wolff and Wiza",Dance Classes,9/17/2021,12/28/2032
295,Toy-Nolan,Technology Classes,6/6/2019,1/21/2028
296,Satterfield-Schmitt,Memory Games,9/24/2017,6/13/2028
297,O'Keefe Inc,Art Workshops,1/5/2018,9/30/2031
298,Kuhic-Gorczany,Cooking Lessons,12/11/2023,2/6/2029
299,"Bashirian, Considine and Stoltenberg",Painting Classes,7/3/2021,3/27/2032
300,Ondricka LLC,Music Therapy,4/5/2015,1/9/2031
301,"Tromp, Bergnaum and Hammes",Art Workshops,1/30/2020,9/24/2039
302,Wunsch-Larson,Knitting Groups,1/5/2024,10/16/2026
303,Larson Inc,Gardening Support,2/9/2016,12/29/2031
304,"Volkman, Kohler and Franecki",Painting Classes,8/6/2015,11/24/2026
305,Ondricka-Zulauf,Craft Materials,3/26/2018,7/31/2030
306,D'Amore-Mills,Puzzle Activities,2/28/2016,3/27/2028
307,Jast-Feil,Dance Classes,6/17/2015,4/10/2039
308,Lind and Sons,Pet Therapy,10/28/2019,5/26/2030
309,Zboncak-Toy,Craft Materials,3/18/2020,8/7/2036
310,Dietrich-Hackett,Board Games Supply,6/18/2024,7/14/2033
311,Monahan-Parisian,Dance Classes,6/17/2024,9/12/2028
312,"Keeling, Torphy and Hoppe",Technology Classes,6/16/2015,7/18/2025
313,Purdy and Sons,Pet Therapy,2/15/2018,5/8/2033
314,Mante-White,Pet Therapy,9/16/2019,3/9/2026
315,Hills Group,Art Workshops,4/30/2023,12/21/2034
316,Abernathy-Schumm,Puzzle Activities,2/19/2016,7/18/2026
317,Runolfsson LLC,Music Therapy,11/1/2016,8/24/2038
318,Miller-Bauch,Memory Games,5/23/2024,4/22/2032
319,Weber-Christiansen,Reading Circles,4/26/2020,6/24/2029
320,Bednar-Connelly,Gardening Support,5/30/2016,12/29/2038
321,Hamill-Smith,Music Therapy,10/31/2015,4/3/2030
322,"Kessler, Mayert and Sauer",Movie Nights,12/5/2020,3/5/2035
323,"Botsford, Denesik and Swaniawski",Cooking Lessons,9/26/2021,6/10/2031
324,"Gerlach, Corwin and Mueller",Dance Classes,10/11/2018,9/5/2029
325,"O'Connell, Rogahn and Carroll",Bingo Events,6/20/2024,10/30/2033
326,Graham LLC,Dance Classes,7/9/2024,11/7/2033
327,Schmeler and Sons,Fitness Sessions,5/28/2024,1/7/2038
328,Carter and Sons,Puzzle Activities,5/31/2016,4/25/2025
329,"McKenzie, Reynolds and Jakubowski",Cooking Lessons,11/22/2016,3/1/2033
330,"Reichert, Kunze and Fritsch",Dance Classes,4/14/2024,3/22/2026
331,"Wiegand, Murphy and Mohr",Movie Nights,9/26/2018,12/8/2031
332,Hoeger-Reilly,Drama Activities,9/28/2022,1/26/2032
333,"Schulist, Buckridge and Russel",Board Games Supply,1/31/2023,10/12/2025
334,"Kirlin, Schmeler and O'Connell",Painting Classes,9/14/2020,6/5/2036
335,"Little, Macejkovic and Fritsch",Music Therapy,12/17/2019,12/27/2033
336,Hettinger Group,Art Workshops,2/26/2020,12/1/2030
337,Feil LLC,Fitness Sessions,1/19/2020,3/8/2030
338,"Runolfsdottir, Upton and Maggio",Craft Materials,4/19/2018,8/2/2039
339,"Breitenberg, Hills and Gleason",Drama Activities,10/16/2016,6/18/2025
340,"Mante, Rosenbaum and Leuschke",Puzzle Activities,12/1/2020,3/20/2039
341,West-Johns,Reading Circles,2/14/2016,5/16/2033
342,"Treutel, Olson and Schiller",Board Games Supply,7/17/2019,6/3/2028
343,Mueller and Sons,Fitness Sessions,3/21/2018,9/18/2030
344,Lebsack-Kunde,Bingo Events,10/23/2016,11/18/2031
345,Kunze and Sons,Drama Activities,11/8/2024,4/15/2034
346,Hermiston-Langosh,Craft Materials,1/3/2019,3/18/2039
347,"Russel, Goyette and Fahey",Movie Nights,1/31/2021,7/24/2032
348,Hettinger-Kozey,Reading Circles,7/14/2018,10/3/2031
349,"Collier, Mitchell and Dickinson",Puzzle Activities,4/26/2017,3/31/2033
350,Ondricka and Sons,Bingo Events,2/2/2015,3/10/2034
351,O'Keefe-Cummings,Social Clubs,10/27/2019,12/14/2031
352,Windler-O'Keefe,Gardening Support,8/5/2016,12/24/2039
353,Ondricka Group,Puzzle Activities,7/5/2015,8/29/2034
354,Parker-Nolan,Knitting Groups,2/13/2017,5/17/2039
355,Schimmel-Monahan,Art Workshops,3/25/2016,11/14/2029
356,Goyette and Sons,Fitness Sessions,7/9/2019,10/23/2027
357,Yundt-Walter,Puzzle Activities,10/23/2019,12/14/2037
358,"Wyman, Renner and Streich",Drama Activities,10/29/2024,1/16/2030
359,"Dibbert, Fahey and Reichel",Board Games Supply,3/24/2021,9/24/2028
360,"Nicolas, Jakubowski and Shields",Board Games Supply,11/18/2023,11/17/2035
361,"Will, Franecki and Maggio",Puzzle Activities,5/28/2020,12/8/2033
362,Welch-Nikolaus,Knitting Groups,9/21/2021,9/10/2031
363,Fisher-Blanda,Technology Classes,9/7/2024,12/30/2037
364,Koepp Group,Puzzle Activities,1/22/2021,7/13/2033
365,Bailey-Cronin,Knitting Groups,2/5/2025,2/5/2040
366,Schultz-Gleichner,Bingo Events,6/6/2021,7/3/2035
367,"Littel, Ryan and Volkman",Knitting Groups,11/18/2024,9/23/2035
368,"McLaughlin, Crooks and Bogan",Bingo Events,2/19/2022,1/17/2034
369,Wolff and Sons,Dance Classes,10/31/2021,7/15/2036
370,"Wiza, Schultz and Crooks",Music Therapy,2/11/2017,5/12/2029
371,"Moen, Kunze and Effertz",Dance Classes,7/3/2016,7/5/2034
372,Ledner LLC,Fitness Sessions,8/27/2024,10/23/2028
373,"Wiza, O'Conner and Crooks",Dance Classes,12/23/2016,6/11/2028
374,Kuphal LLC,Cooking Lessons,1/4/2024,3/7/2027
375,Ward Inc,Drama Activities,2/17/2024,8/4/2037
376,"Jenkins, Braun and Veum",Fitness Sessions,3/27/2021,3/22/2036
377,Howe-Kshlerin,Drama Activities,1/16/2024,6/20/2038
378,Brakus Inc,Knitting Groups,2/4/2021,7/9/2027
379,"Goldner, Weber and Kling",Gardening Support,8/29/2015,1/21/2038
380,Bode and Sons,Language Lessons,7/20/2019,11/18/2026
381,"Von, Block and Ledner",Gardening Support,1/25/2020,3/4/2036
382,Ondricka Group,Dance Classes,9/27/2016,9/13/2034
383,Greenfelder-Block,Cooking Lessons,4/13/2019,6/27/2039
384,"O'Hara, Marks and Gottlieb",Music Therapy,1/22/2016,5/6/2033
385,Conn Group,Cooking Lessons,4/30/2018,6/30/2029
386,Spencer-Kreiger,Craft Materials,10/19/2018,3/3/2033
387,Cartwright-Purdy,Painting Classes,5/31/2018,5/22/2026
388,Watsica and Sons,Craft Materials,4/30/2017,10/4/2031
389,Skiles Inc,Knitting Groups,12/1/2020,12/5/2028
390,"Balistreri, Erdman and Breitenberg",Pet Therapy,4/13/2022,6/2/2034
391,Hettinger Inc,Fitness Sessions,3/7/2021,10/24/2039
392,"Shields, Turcotte and Jacobi",Painting Classes,4/27/2019,7/17/2039
393,Mohr-Reilly,Art Workshops,4/30/2019,2/23/2040
394,"Schaefer, Lockman and Reynolds",Bingo Events,10/4/2018,9/15/2033
395,Dickinson-Wolf,Knitting Groups,11/15/2019,1/29/2032
396,Hane-Schmeler,Technology Classes,12/8/2021,3/11/2027
397,Feest Inc,Dance Classes,4/2/2021,10/31/2037
398,Gottlieb-Nader,Dance Classes,9/13/2019,2/22/2040
399,McKenzie-Kovacek,Language Lessons,3/6/2016,6/15/2025
400,"Gorczany, Schultz and Dibbert",Music Therapy,3/29/2018,1/2/2039
