feedbackDate,comment,feedbackId,rating,activityId,residentId
2012-04-04,Season music attorney enjoy me leg staff.,1,4,219,74
2023-11-22,Goal organization huge low heavy drug.,2,3,396,823
2014-05-08,Writer side tree list perhaps part.,3,1,90,952
2015-07-12,Business heavy front difficult address old size.,4,2,216,236
2012-10-03,Account your garden start think treat significant book.,5,4,211,621
2018-12-13,Democratic eye surface type whose.,6,4,126,828
2011-12-20,Question activity night job think approach.,7,2,238,460
2018-12-30,Financial thank interesting wall off kitchen.,8,1,301,782
2018-06-11,Talk sell federal high community.,9,1,12,111
2021-12-21,Manager walk until coach hotel budget only.,10,4,296,48
2010-02-22,Mrs state teacher response color national anything.,11,2,56,886
2016-08-04,Guess character light finally.,12,3,142,982
2016-09-22,Couple traditional director.,13,1,382,27
2011-03-18,Air which visit hand senior great.,14,1,371,192
2022-07-16,Ball any professor edge member born.,15,3,388,518
2022-09-14,Toward now reveal more.,16,4,372,165
2017-10-22,Either reflect service day.,17,3,284,974
2023-08-16,Little like letter short wonder work learn.,18,4,375,311
2011-08-23,Whatever will owner.,19,1,127,16
2011-10-02,Crime yet rate population own of.,20,4,178,700
2022-11-22,Project necessary science collection.,21,2,15,204
2022-09-13,Himself type really father strategy specific.,22,5,121,447
2021-08-24,Perhaps begin response send spend gas special.,23,3,55,736
2022-02-21,Long show nation company out within brother.,24,2,329,594
2011-02-19,Professional thousand sort boy sure.,25,3,378,391
2012-03-16,People less foot down on quality.,26,3,77,333
2018-07-11,Charge start arrive behind necessary hair.,27,4,61,797
2011-08-05,Ten crime of energy final wife discussion.,28,5,135,426
2019-03-13,Local American life.,29,5,277,861
2017-01-05,Wish group film policy discover history shoulder or.,30,4,94,928
2018-10-28,Spend option central watch smile learn idea.,31,5,79,124
2018-05-19,However player seat return.,32,2,353,247
2014-06-10,Right feel ball so back base.,33,5,70,479
2017-04-18,Second present well carry respond lead.,34,3,176,29
2014-12-07,Almost paper visit beyond.,35,5,78,958
2014-09-14,Network edge voice goal pass.,36,3,255,932
2020-01-19,Add on realize camera simple.,37,3,341,999
2020-07-30,Note line need view kind.,38,1,194,41
2023-01-29,Industry meeting picture month well coach finally.,39,1,269,226
2022-10-29,Discover sometimes course else from car agency participant.,40,5,164,985
2023-12-04,Ask quickly meeting food edge wish expect.,41,2,348,562
2021-10-14,Short as defense draw.,42,4,189,877
2017-11-19,Build imagine fact now statement model main.,43,2,74,162
2017-12-01,Feeling soon represent down.,44,3,16,143
2016-06-27,Before water draw agree foot letter entire account.,45,5,31,671
2015-03-18,Scene seek know evening season care million.,46,2,17,945
2024-08-24,Middle everyone project real investment.,47,2,375,885
2014-07-31,Car produce program necessary it capital.,48,3,166,503
2013-03-29,Baby civil low live color others push.,49,1,164,370
2021-03-03,Space international it operation where employee very.,50,4,62,245
2015-08-20,Picture best sell ago character man consider.,51,2,234,956
2018-03-19,Life role particular professional.,52,5,32,254
2017-09-03,Study pretty win read particularly opportunity so.,53,2,45,14
2017-01-14,Sell PM finally simply name brother.,54,2,390,998
2022-12-18,Strategy your history see factor somebody purpose.,55,2,276,243
2018-01-15,Different best work focus conference.,56,4,145,851
2014-06-24,Democrat many nature study can decade start who.,57,5,195,695
2016-11-12,Similar person true professor approach benefit.,58,4,329,503
2010-12-17,Its least this especially case soldier remain.,59,3,6,279
2024-04-10,Discuss popular role school next institution respond.,60,4,16,926
2022-10-18,Various him yet carry.,61,5,342,977
2014-10-13,Seven society agency model democratic five include another.,62,1,343,449
2019-07-05,You smile management.,63,1,316,681
2024-06-22,Visit now every.,64,2,15,712
2013-04-29,Suggest memory able.,65,1,341,637
2020-10-19,Quite experience much near deal.,66,2,328,772
2024-12-11,Box word sell shake always sure most yourself.,67,3,136,261
2011-06-11,Star religious blue.,68,4,370,257
2015-11-10,Media product instead tonight place.,69,5,28,632
2018-02-14,Clearly small focus.,70,1,307,166
2016-03-18,Carry language section play still.,71,5,232,704
2018-04-12,Far stuff trade shake full.,72,1,105,140
2024-07-21,Attack detail exactly how actually agreement.,73,3,279,138
2022-03-19,Yard others start movie.,74,4,180,475
2015-11-09,Condition suggest under son candidate.,75,4,332,14
2020-11-02,Republican magazine opportunity piece physical type.,76,5,294,112
2012-06-19,Local beyond would pressure.,77,4,390,438
2010-09-14,Hand technology late.,78,4,106,462
2021-02-19,Program choose might ready project coach item.,79,4,220,343
2021-12-27,Myself team better style tonight scientist loss season.,80,2,391,674
2022-08-25,Body order series through late reflect.,81,1,24,854
2025-03-16,Example also letter little though rather.,82,1,137,937
2024-09-09,Contain fight worker ball hand entire.,83,1,110,562
2023-08-08,Shake bar nearly sport artist begin quite.,84,5,251,663
2013-04-25,Itself to where material boy official improve.,85,3,331,612
2011-02-18,Little toward red officer Congress some.,86,5,132,635
2018-08-28,Visit oil glass deep create.,87,2,91,726
2013-10-18,Concern western must.,88,2,98,552
2019-04-15,Staff first many difference world pay role.,89,1,68,803
2016-12-17,Actually station produce mind.,90,4,345,804
2011-12-21,Treat spend within suddenly tough eat contain.,91,4,306,929
2014-12-05,System art north reflect task.,92,1,213,461
2010-04-28,Including environment push lot plant person.,93,5,146,903
2020-01-14,Hold ago worker material.,94,1,211,349
2016-10-31,Social size tonight computer focus current learn sister.,95,5,215,840
2020-06-28,Computer lay individual pressure.,96,3,112,461
2023-02-10,Technology air program people radio like child party.,97,2,100,361
2022-03-13,Human economic method talk.,98,5,162,633
2015-04-15,Win key it peace low former outside board.,99,4,192,682
2014-04-21,Summer anyone evidence those yard room feeling.,100,2,334,300
2017-02-23,Board also college born notice them there.,101,3,371,565
2010-01-12,Movie understand fire staff positive opportunity wear.,102,4,336,332
2018-09-23,But seem national probably similar among.,103,4,260,1000
2016-02-11,Ago standard the next way party road.,104,4,212,704
2020-06-20,Play material save their important very trial everybody.,105,1,394,761
2021-06-14,Dream black himself style.,106,2,96,986
2021-02-05,Offer run effort feel appear.,107,3,395,355
2024-08-06,Hard decade key group rock.,108,1,5,300
2013-11-23,Almost final resource painting drive.,109,4,325,952
2015-07-13,Among ago raise structure what take.,110,5,172,327
2022-04-19,Father much leader after order with wrong herself.,111,2,336,177
2024-02-07,Level gun clear station different.,112,4,172,570
2024-05-15,Image interest number everything water oil.,113,1,390,603
2020-11-20,Else push read area money power.,114,1,239,499
2023-12-29,Analysis if energy assume boy stage.,115,3,322,15
2018-11-20,Name who across real trial suddenly.,116,1,329,876
2015-07-09,Prevent yet learn win often level.,117,4,144,471
2016-06-17,Campaign candidate discover more.,118,4,42,908
2018-05-15,Speak travel have easy challenge relationship event region.,119,5,32,374
2011-06-14,Parent foot state her Republican body both.,120,5,234,904
2016-08-05,Television edge myself bed throughout back strategy.,121,5,252,670
2023-01-21,Customer clearly indeed early.,122,2,80,813
2019-09-29,Manage everything sister responsibility serve.,123,4,273,869
2019-10-14,Production economy network family eight do age.,124,2,143,66
2013-10-01,More rule rate face approach president more.,125,2,240,364
2014-11-28,Hair step officer material state movement.,126,2,380,255
2022-01-26,Eye plan according else sport.,127,5,237,464
2024-04-21,We professional task foot power next within.,128,5,120,221
2023-04-28,Blood simple coach end low conference.,129,4,368,443
2010-12-08,Wear before interest old happy ten beyond.,130,5,189,854
2020-05-14,Military bit hand reflect truth.,131,4,389,811
2013-07-21,Spend live hold.,132,5,98,630
2016-09-25,Where challenge seven provide.,133,5,387,907
2020-01-23,Heart pick white white many.,134,4,213,494
2014-05-31,Blood provide look in.,135,1,66,455
2024-08-06,Long understand performance put song push.,136,1,47,955
2011-06-12,Major different present today machine.,137,2,372,886
2015-09-25,Anything spend play then expect source company.,138,5,198,481
2010-09-22,Work piece maybe ability trouble top again without.,139,1,185,809
2024-05-25,Game politics range late.,140,4,248,579
2012-06-02,War alone to budget middle eye fire simply.,141,5,203,862
2022-04-23,Response religious allow Democrat activity watch value.,142,4,318,696
2021-12-06,Last physical thank participant sort.,143,3,268,796
2022-07-10,If president hospital trouble.,144,4,338,507
2013-08-28,Assume watch camera leader contain market health.,145,1,112,756
2021-02-12,Score season know tonight.,146,2,126,489
2020-07-23,Study fear wind hospital both move significant.,147,4,266,27
2023-05-20,Agree or policy.,148,1,263,569
2012-08-01,Energy usually two real grow morning century available.,149,1,261,443
2013-02-21,Behind consumer effect son training company owner.,150,4,359,780
2023-02-17,Represent until get weight.,151,1,158,870
2017-05-03,Hour affect direction agreement star.,152,3,360,702
2015-11-06,His health direction stay.,153,5,83,884
2010-01-07,Task organization method green nice.,154,1,330,125
2014-03-08,Nature group special down.,155,1,135,894
2013-12-21,Recent market stock no establish learn station.,156,4,189,139
2014-02-27,Check quality look clearly movie production piece.,157,4,305,777
2019-09-11,Attorney important evening less.,158,2,245,740
2024-04-24,Manager single ask successful clearly.,159,1,183,111
2015-04-25,Color result mission dinner third.,160,4,285,541
2018-12-24,Game pay arm bring might fund.,161,2,349,346
2013-08-23,Environmental industry move career prove.,162,2,280,169
2016-07-15,Sign director my series place movie heavy.,163,4,33,917
2014-08-15,Per health kitchen during red.,164,3,61,498
2011-11-16,Within law cell structure bad.,165,3,49,399
2017-06-06,Sing west suddenly.,166,2,6,732
2020-03-19,Product agree station great.,167,1,18,161
2020-07-02,Center history item true apply scientist never because.,168,2,240,672
2022-06-26,Especially education none structure late.,169,5,14,787
2019-05-27,For live team describe buy early.,170,1,308,220
2014-07-15,Size option way simple land.,171,1,350,781
2014-09-14,Catch draw suggest out his officer out.,172,4,79,249
2017-02-04,Eight debate consider pattern physical billion.,173,1,195,883
2024-10-31,Manager act claim forget catch agent different.,174,1,167,253
2014-11-11,Kind hit require company occur general fear.,175,3,160,61
2015-08-06,Professor out college generation like early.,176,5,56,65
2019-06-29,Production field answer clearly hold deep.,177,5,105,769
2010-01-02,Particular computer theory when responsibility.,178,3,280,179
2018-03-19,Final believe close population threat walk each by.,179,3,390,606
2019-06-16,Girl firm concern city store.,180,2,27,464
2013-03-29,Mind charge firm option local.,181,1,355,346
2017-03-27,Involve black include.,182,4,399,59
2017-05-29,Especially magazine decade treat learn live include.,183,5,52,769
2022-07-04,Seek performance up whether crime her speak word.,184,1,93,458
2019-04-13,Everybody ever training material quite.,185,1,107,294
2022-04-21,Similar commercial list team compare including collection model.,186,2,345,1
2018-04-14,Church space when early identify.,187,1,14,617
2017-08-31,Modern wrong read view skill once.,188,4,126,320
2016-07-31,Bed forget get theory poor.,189,2,52,789
2012-11-27,Baby truth you blue.,190,2,159,815
2015-06-27,Light ask authority owner design activity business already.,191,1,156,324
2022-01-04,Around suffer soon someone field resource floor.,192,3,48,777
2020-04-24,Mention sit effect southern listen.,193,1,22,899
2014-12-20,Serious would black future than fast mean.,194,3,373,747
2023-07-08,Myself forget serious order Democrat ball tough some.,195,3,121,76
2014-08-23,Unit assume indeed next concern learn study.,196,2,43,996
2014-01-17,Task floor blue.,197,2,355,612
2011-07-24,Sell majority three.,198,5,32,850
2014-02-10,Order final hospital fight.,199,2,287,367
2012-01-14,Shoulder difficult job response mouth fact.,200,4,317,569
2014-01-27,Age keep church certainly our blood few more.,201,5,35,673
2024-08-06,More attack indicate purpose before though.,202,4,246,130
2021-04-28,Allow ready medical growth wide what training.,203,2,213,82
2024-06-19,Million up town specific.,204,4,108,204
2018-02-20,Campaign oil well position appear mean design tax.,205,4,276,730
2018-07-15,Statement support cup term suffer prepare else lose.,206,3,350,654
2016-08-17,Customer family join yard tough down.,207,1,215,411
2012-02-02,Imagine a stock oil right thought dog.,208,5,208,267
2018-01-26,Include hit Mrs college.,209,2,365,908
2012-12-30,Book around necessary perform.,210,2,63,300
2018-10-01,Least sort performance message more agreement.,211,1,78,669
2020-10-25,Set light worker event.,212,1,264,525
2023-04-24,Three trade later type factor physical management.,213,4,300,569
2014-08-13,Minute miss bank rock region.,214,3,333,148
2014-03-15,Street mission foreign level.,215,1,387,427
2019-12-17,Conference state million.,216,5,121,267
2011-12-19,Wish whom management support white.,217,1,161,570
2013-08-20,Foot question it do.,218,2,354,449
2024-04-26,Everybody base gun.,219,4,107,917
2021-09-27,School firm theory where their.,220,2,209,483
2010-11-06,Where of cell season section.,221,1,350,198
2018-08-26,At own sister treatment environmental.,222,3,79,464
2018-11-29,Clearly herself already maintain attorney others guy.,223,2,274,57
2020-03-18,Born so contain one.,224,5,19,661
2021-09-12,Style skin ten pressure full raise.,225,1,86,295
2020-11-10,Range among law side break choice whether.,226,2,313,968
2017-03-14,Only dream great because until.,227,3,333,805
2016-01-11,Cover strong politics later teacher.,228,3,367,836
2019-01-01,Congress be give catch could.,229,2,263,668
2018-08-13,City nearly population something.,230,4,72,759
2022-04-01,Win partner left.,231,2,209,383
2023-01-06,Director later must.,232,4,156,559
2012-04-18,Official receive group when away.,233,4,134,88
2014-07-29,Leg medical probably art.,234,2,251,325
2023-04-14,Meeting without reality finally visit that.,235,5,301,436
2014-04-06,Vote billion my cold share.,236,1,133,683
2017-04-07,Third staff case truth author.,237,5,377,799
2021-07-25,Near shoulder themselves center even situation give you.,238,2,326,393
2023-01-21,Fine look realize wall leg check market.,239,1,206,360
2013-03-05,Course situation foreign step hundred support with.,240,1,363,447
2016-02-14,Word way change hard professional sit address.,241,5,91,73
2017-11-20,Drive hold like theory institution politics.,242,1,83,38
2023-11-09,Hard above Democrat management present follow film chair.,243,5,291,289
2012-12-14,Turn attention natural show.,244,2,285,888
2025-04-03,Plant town cost.,245,3,139,423
2022-09-13,Me explain race him state space kid.,246,1,87,174
2018-12-15,Large important hair debate trade indicate avoid.,247,2,312,709
2019-09-30,Parent free however enjoy baby onto strategy.,248,1,18,142
2023-09-09,Wind address use direction task live change.,249,1,140,673
2023-08-03,Sure eight last value.,250,4,285,188
2021-06-10,Stuff fight lead computer ground long.,251,4,174,654
2023-03-26,Even interest trade car protect mission away.,252,5,198,5
2015-07-17,Fight finally hotel know green.,253,2,20,742
2016-03-27,Note sort growth finish none finally.,254,5,197,460
2011-11-06,He discover serve herself play eight many.,255,4,380,845
2014-05-14,Note next feel approach.,256,5,67,849
2018-02-20,On event available part character work.,257,4,101,675
2024-03-14,Nice individual result.,258,5,224,61
2011-01-21,Provide international plant third.,259,2,377,233
2015-07-17,Itself who brother share whether poor.,260,2,301,102
2021-02-03,Young lot create move.,261,4,227,188
2018-05-24,Prevent former score.,262,2,57,519
2014-02-14,Yard fly agency international bank.,263,3,248,539
2012-03-25,Serious son market gun.,264,5,109,586
2024-04-17,Player build red everybody air.,265,1,29,31
2017-06-13,System firm bag choose agency fish threat out.,266,3,104,650
2017-01-12,Consider than major factor against.,267,1,258,822
2017-08-20,Old budget gun since.,268,4,392,98
2010-12-08,Director short effect road same financial floor.,269,1,77,780
2022-10-02,Book ask inside lose.,270,3,278,608
2014-10-04,Order American happy action role no read.,271,1,377,491
2013-10-03,Seem would when.,272,2,90,575
2011-02-16,Son subject skin reason image.,273,3,77,536
2017-03-03,Pass weight than wrong white.,274,4,295,517
2015-03-13,Buy first her start.,275,1,172,948
2010-03-02,Difficult citizen on finally happen thing.,276,4,88,474
2019-06-25,Easy PM recognize unit us option save.,277,2,93,360
2019-09-29,Impact include piece just may assume inside.,278,3,220,119
2017-05-15,Along television responsibility west beyond.,279,5,233,682
2014-04-24,Study all adult.,280,2,159,163
2014-01-13,All black resource help available attorney.,281,3,35,149
2015-12-03,Ball worker despite money.,282,3,316,38
2020-02-12,Night foreign history charge film again magazine.,283,5,343,61
2021-09-14,Identify under popular paper defense agency.,284,4,317,416
2012-03-14,Office product camera since in.,285,5,106,651
2019-10-08,Organization final week security find cut grow.,286,4,254,919
2013-01-11,Nation age stand case.,287,1,137,491
2016-08-09,Imagine buy and factor day.,288,2,278,131
2010-09-16,Tend feeling mission.,289,2,399,71
2023-12-04,Hotel measure work position soldier investment page.,290,2,298,592
2014-12-16,Job nation energy door.,291,3,127,939
2014-06-09,Generation direction management production drop smile maybe join.,292,3,208,528
2023-12-26,Friend single cold could have.,293,3,285,244
2020-11-27,Blue us sort glass anyone break leave.,294,3,75,611
2022-06-21,Reason source exactly age meet.,295,3,237,956
2015-01-06,Fly condition someone along over hand.,296,2,189,662
2018-05-16,Health personal spring.,297,2,48,417
2012-12-11,Two himself here understand suffer.,298,1,69,96
2024-06-22,Ability minute clear nor expert view.,299,3,400,367
2024-04-17,Now without pretty program.,300,5,348,716
2011-10-31,Management learn team attack attorney.,301,4,255,78
2012-02-28,Imagine from Mrs care also him.,302,2,218,355
2015-03-18,Write director policy open rock entire.,303,2,391,49
2020-03-09,Attention citizen majority unit.,304,2,63,469
2011-06-29,Collection every building dark present process.,305,1,63,437
2015-05-03,Southern behind not pass travel world.,306,1,69,676
2012-02-08,Quickly government six face.,307,5,350,777
2022-10-30,Discover race news seat keep allow continue.,308,5,377,775
2013-07-20,Improve garden expert all.,309,2,260,538
2020-09-22,Represent create find car.,310,2,17,410
2023-01-19,Century character example wait itself nature.,311,5,46,166
2020-08-27,Road gas than part strong current.,312,4,119,886
2014-03-29,Clear our hour shoulder safe.,313,4,180,616
2018-11-07,Board model glass story there difference learn eat.,314,2,188,214
2015-06-01,Individual history left television.,315,2,299,64
2022-07-02,Financial chance country important report.,316,2,167,72
2022-12-22,Yeah continue star shoulder maintain.,317,4,246,959
2014-10-14,Majority accept beautiful nothing man.,318,1,213,35
2023-01-03,Thousand success baby put movement effort.,319,2,148,258
2010-04-16,Raise arm board add over glass.,320,3,72,999
2017-08-04,Provide common own light short country medical eat.,321,4,96,611
2016-05-07,Director spend key on bed way.,322,4,287,375
2018-05-08,Certainly glass condition oil letter.,323,2,281,24
2023-06-04,Executive must technology coach structure likely south.,324,1,398,391
2024-03-07,Wind special specific term prove effort sign.,325,4,127,941
2020-06-12,Maintain participant usually manager machine player.,326,3,13,50
2021-08-07,Serious charge politics everything second.,327,4,127,601
2012-03-18,Eye allow skin check improve.,328,4,63,778
2014-07-12,Their perform long leg sell assume simple.,329,4,133,887
2022-12-22,Inside network question security force.,330,2,34,70
2011-11-11,Although product customer brother arm both news key.,331,3,281,414
2024-03-30,Parent will soon special some professor knowledge.,332,2,358,46
2024-06-15,Interview us green ability behind everybody seek rule.,333,3,360,808
2020-10-18,Evidence my bar cause garden.,334,3,152,347
2013-06-07,Candidate allow hope scene Democrat Republican per majority.,335,5,380,986
2021-08-10,Quite place audience write bag student.,336,2,361,277
2010-11-24,Large fine most.,337,2,392,586
2020-08-20,Authority picture return per institution.,338,1,6,240
2011-05-26,Individual issue here answer.,339,5,262,419
2013-11-17,Shoulder property mind section window director.,340,4,190,265
2013-11-22,Research beat result pressure art trade put.,341,1,21,107
2022-04-28,American recently save.,342,3,242,831
2025-02-06,Lose get land strong late focus why.,343,2,371,297
2010-12-13,Kitchen however action local.,344,2,7,59
2018-07-08,Table player note himself air force science.,345,4,14,826
2020-02-26,Mention art instead hour.,346,5,43,104
2018-05-23,Number pattern enjoy entire student these view.,347,1,228,624
2023-04-23,Budget stay ten leader.,348,1,228,108
2012-04-17,Talk democratic charge focus a too.,349,2,33,21
2020-05-15,Skin foreign or mind professional administration.,350,2,379,513
2012-10-19,Catch daughter mouth pull.,351,2,283,79
2018-12-03,Benefit recently build debate.,352,5,377,280
2013-12-23,Music painting final great.,353,5,116,352
2010-05-25,Appear nearly we field subject catch goal.,354,3,212,431
2021-05-11,College international pressure realize strong include degree member.,355,4,317,470
2013-05-27,Year throw anything owner hair.,356,5,205,314
2020-04-10,Republican great scene have total my.,357,3,47,447
2019-09-01,Light team since fire but himself.,358,5,187,576
2018-03-01,Prove lawyer maintain.,359,2,119,140
2016-07-23,Happen describe follow main.,360,5,191,998
2012-04-22,Republican federal everyone measure here.,361,3,211,857
2014-03-19,Who politics face section.,362,5,220,533
2019-10-07,Old five sign lay under model safe clearly.,363,1,336,590
2012-05-16,Personal defense ground agreement.,364,4,216,804
2013-04-12,Result friend community song look employee.,365,1,76,274
2016-02-02,Method everything among man same land six organization.,366,3,122,772
2011-04-11,Per piece rich dream structure.,367,5,315,850
2023-03-02,Travel professional few operation.,368,3,153,479
2021-06-15,Town store process young only PM arrive through.,369,3,106,113
2019-11-08,Performance subject radio station both whole.,370,4,259,876
2016-04-17,Couple son also message character sometimes parent future.,371,5,388,24
2023-10-07,Instead charge they direction around season instead.,372,4,170,158
2019-12-07,Hour concern animal community I paper.,373,2,216,244
2019-04-23,Evening institution moment.,374,2,268,37
2023-01-24,However sport boy future ok.,375,4,192,922
2021-10-07,Magazine road guess bill eight.,376,2,366,174
2020-04-26,Look senior walk which may recently themselves.,377,4,255,403
2023-08-02,Interview difficult rich guess.,378,1,139,265
2023-04-02,Result pretty international dinner who box draw.,379,1,291,414
2015-11-09,Skill American glass writer.,380,2,154,303
2023-10-04,Give well different wall matter medical.,381,3,96,478
2012-12-20,Consider effect school ever wear data plan.,382,5,79,589
2025-01-23,Store assume value run.,383,5,229,765
2018-08-15,Evidence her body keep billion major.,384,1,50,614
2011-08-01,Natural rock collection build report case.,385,3,371,215
2018-01-31,Born north off nor future north.,386,3,356,189
2024-08-11,Thought machine much occur team business child would.,387,2,176,390
2021-06-26,Most magazine enjoy food deal soon another amount.,388,2,26,290
2013-03-21,While serve statement perform.,389,2,246,543
2012-04-08,Hold staff radio show call throughout.,390,2,157,763
2010-04-26,Conference month modern director.,391,2,242,632
2022-07-21,His yourself organization figure.,392,4,2,149
2018-05-30,Occur coach can raise notice generation decade too.,393,4,234,88
2010-09-29,Program Mrs official.,394,1,128,766
2020-09-27,Nature action news race radio.,395,4,12,714
2024-12-17,Attack bed them national develop.,396,2,353,377
2012-06-16,Former develop record system.,397,1,188,697
2010-09-11,With smile century report.,398,5,146,557
2014-11-07,Serve everyone single thousand reveal from several.,399,4,327,56
2023-07-02,No skill such crime news same official push.,400,3,103,249
