supplierId,Company Name,serviceType,contractStart,contractEnd
1,"Lynch, Fay and Kessler",Yoga Mats,2018-07-07,2019-03-05
2,Green Inc,Yoga Mats,2019-05-03,2019-10-09
3,"Bradtke, Rippin and Hegmann",Photography Services,2016-05-12,2017-01-08
4,Konopelski LLC,Yoga Mats,1997-12-11,1998-03-04
5,"Rowe, Cassin and Watsica",Art Supplies,2011-07-02,2012-04-04
6,Kris and Sons,Stage Setup,2021-09-07,2021-12-09
7,"Harvey, Morissette and Bins",Stage Setup,2003-05-06,2003-07-05
8,Harris-Dach,Sports Equipment,2025-02-11,2026-01-01
9,"Hoppe, Effertz and Von",Printed Materials,2010-09-08,2011-07-10
10,Ferry and Sons,Sports Equipment,2003-06-03,2003-10-12
11,Predovic-Rosenbaum,Sports Equipment,2018-11-11,2019-08-02
12,"Hauck, Jaskolski and Wunsch",Catering,1995-11-10,1996-09-04
13,Pfannerstill Group,Art Supplies,2016-12-03,2017-07-01
14,Kulas-Jacobi,Art Supplies,1999-07-02,1999-11-07
15,Kovacek-Tromp,Sports Equipment,2011-02-07,2011-06-03
16,Grady LLC,Catering,2004-12-10,2005-02-09
17,Daugherty LLC,Music Equipment,1993-07-08,1993-11-11
18,Berge-Howell,Music Equipment,2009-08-05,2010-03-03
19,"Breitenberg, Schuster and Wintheiser",Art Supplies,1990-09-04,1991-08-05
20,Morissette-Klein,Catering,2010-02-12,2010-05-05
21,Leuschke-O'Keefe,Music Equipment,2011-07-12,2011-12-04
22,"O'Conner, Luettgen and Schulist",Music Equipment,1991-07-10,1991-11-12
23,"Borer, Leuschke and Goyette",Art Supplies,2022-04-11,2023-02-02
24,Shanahan Inc,Music Equipment,2020-09-02,2021-01-09
25,Cronin LLC,Photography Services,2011-09-12,2012-05-03
26,Torp Inc,Catering,2001-12-01,2002-01-11
27,"Torphy, Witting and O'Conner",Sound System,1995-08-12,1996-02-10
28,Beer-Connelly,Sound System,2015-03-08,2015-11-11
29,"Blick, Prohaska and Dickinson",Art Supplies,2000-06-06,2001-01-03
30,Jacobs-Hudson,Sports Equipment,1995-08-11,1995-10-11
31,Rice Group,Yoga Mats,2002-05-11,2002-07-06
32,Lemke and Sons,Sound System,2005-04-10,2005-09-02
33,Gislason-Leannon,Photography Services,2015-05-06,2015-07-01
34,Deckow Group,Cleaning Services,2022-12-06,2023-05-11
35,Kuhn-Schneider,Yoga Mats,1994-03-04,1994-11-11
36,O'Hara and Sons,Sports Equipment,2007-10-05,2008-02-01
37,Medhurst-Lubowitz,Catering,2012-10-04,2012-12-07
38,Green-Borer,Sports Equipment,2007-03-07,2007-11-07
39,Gislason-Boehm,Catering,2003-05-08,2003-10-04
40,"Bogan, Heaney and Raynor",Yoga Mats,1991-06-04,1991-12-07
41,Veum-Windler,Music Equipment,1994-07-08,1994-11-12
42,Reichert Inc,Music Equipment,1991-07-09,1991-09-02
43,Bayer-Streich,Cleaning Services,2022-11-04,2022-12-11
44,Boyer-Rice,Sound System,2023-04-07,2023-07-12
45,"Schulist, Conroy and Hegmann",Music Equipment,2023-05-10,2023-10-09
46,Prohaska and Sons,Sound System,2005-12-05,2006-07-01
47,Rempel Group,Printed Materials,2000-05-12,2001-03-12
48,"Wunsch, Yost and Dibbert",Printed Materials,2014-02-08,2015-02-12
49,Morar LLC,Cleaning Services,1991-10-07,1992-07-05
50,"Ondricka, Heller and Collier",Printed Materials,2015-10-05,2016-04-03
51,Keebler-Jerde,Art Supplies,2012-06-08,2013-03-01
52,D'Amore and Sons,Yoga Mats,2017-08-06,2018-06-01
53,Wiegand Inc,Yoga Mats,2009-02-03,2009-04-04
54,Streich LLC,Photography Services,2005-04-04,2005-08-09
55,Considine-Hoppe,Sports Equipment,2011-07-08,2011-12-01
56,"Sporer, Gislason and Kovacek",Sports Equipment,2014-01-01,2014-12-07
57,Bechtelar-Willms,Stage Setup,2015-01-04,2015-10-06
58,Runolfsson-Nikolaus,Printed Materials,2021-07-04,2022-01-11
59,Becker-Toy,Sound System,1994-04-02,1995-02-05
60,"Kreiger, Dicki and Hyatt",Sports Equipment,2009-10-09,2010-08-09
61,Rogahn-Ullrich,Cleaning Services,1999-03-02,1999-10-04
62,Goodwin Group,Catering,2009-08-02,2010-02-01
63,Terry Inc,Sports Equipment,2010-10-12,2011-05-02
64,Mayer-Gulgowski,Photography Services,2024-07-05,2025-06-04
65,Lehner-Conn,Catering,2013-01-04,2013-02-01
66,Cartwright Inc,Printed Materials,2007-01-10,2007-03-08
67,Emard LLC,Music Equipment,2013-12-11,2014-04-01
68,"Runolfsdottir, Luettgen and Kulas",Sound System,2001-09-07,2001-10-11
69,Mills and Sons,Art Supplies,1993-10-09,1994-09-03
70,"Koss, Cummings and Jacobi",Printed Materials,2003-05-07,2003-11-01
71,"Macejkovic, Hilpert and Nitzsche",Photography Services,1993-04-10,1993-09-06
72,Pollich-Barrows,Printed Materials,2019-10-05,2020-09-05
73,Jacobi-Willms,Art Supplies,2024-06-01,2024-10-11
74,"Pagac, Bartell and Lesch",Stage Setup,2021-09-10,2022-04-02
75,White Group,Music Equipment,1991-02-08,1991-09-07
76,Hackett-Schowalter,Sports Equipment,1993-11-02,1994-04-06
77,Koepp Group,Art Supplies,2021-03-03,2021-12-08
78,O'Conner and Sons,Sports Equipment,2024-05-04,2024-07-10
79,"Larkin, Welch and Fisher",Photography Services,1993-07-11,1993-08-09
80,"Koss, Kris and Hayes",Printed Materials,1994-11-04,1995-01-03
81,"Dicki, Cartwright and Mueller",Cleaning Services,1994-03-04,1994-12-05
82,Volkman-Hagenes,Sports Equipment,2023-01-01,2023-10-04
83,Hintz-Marvin,Sound System,2001-04-10,2001-12-04
84,Farrell-Shields,Sports Equipment,2008-09-09,2009-08-03
85,King and Sons,Printed Materials,2016-12-11,2017-09-07
86,"Hansen, Connelly and Kozey",Art Supplies,2001-04-10,2001-06-10
87,"Pfannerstill, Prosacco and Goldner",Catering,2001-10-06,2002-04-09
88,"Altenwerth, Stroman and Maggio",Art Supplies,2000-09-10,2000-10-04
89,Ondricka-Strosin,Cleaning Services,2014-09-10,2014-10-06
90,"Ferry, Schoen and Blick",Cleaning Services,2000-11-03,2000-12-07
91,"Konopelski, Hackett and Aufderhar",Yoga Mats,2024-12-10,2025-06-01
92,Kirlin-Pfannerstill,Yoga Mats,2014-05-01,2014-10-01
93,Kuvalis-Lueilwitz,Sports Equipment,1990-08-12,1990-12-12
94,Gislason LLC,Art Supplies,1997-10-12,1998-05-02
95,Hansen-Zboncak,Sports Equipment,2022-02-09,2022-11-06
96,Wilkinson-Effertz,Music Equipment,1992-02-04,1992-09-11
97,"Lemke, Boyer and Johnson",Sports Equipment,1994-12-04,1995-07-12
98,Erdman-Schowalter,Music Equipment,2020-10-05,2021-07-04
99,"Funk, Monahan and Gulgowski",Stage Setup,2013-04-01,2013-07-06
100,"Price, Reinger and Morar",Yoga Mats,2018-04-05,2018-08-09
101,Schimmel-Miller,Photography Services,1996-11-04,1997-08-04
102,"Kemmer, Bogan and Conroy",Stage Setup,2002-09-06,2003-01-07
103,Schuster-Robel,Printed Materials,2005-08-12,2006-07-12
104,"Pagac, Connelly and Bosco",Music Equipment,2018-02-06,2018-06-10
105,Blanda-Jerde,Music Equipment,2004-09-06,2004-11-08
106,Stamm LLC,Yoga Mats,2009-10-04,2010-07-08
107,Lakin Inc,Art Supplies,2016-06-05,2016-07-04
108,Torphy LLC,Cleaning Services,2020-07-09,2020-08-09
109,"Ward, Schoen and O'Hara",Photography Services,2013-08-06,2014-04-09
110,Runolfsson and Sons,Printed Materials,2014-06-09,2014-12-11
111,Marquardt-Kutch,Sports Equipment,1992-05-01,1993-02-10
112,"Frami, Heidenreich and Adams",Art Supplies,2020-05-10,2021-04-01
113,Welch-Schultz,Sound System,2017-12-08,2018-09-12
114,Pagac Group,Sports Equipment,1995-11-01,1995-12-07
115,Gutkowski LLC,Yoga Mats,2015-01-10,2015-09-03
116,"Baumbach, Larson and Torp",Catering,2016-11-02,2016-12-04
117,Schaden-Brekke,Printed Materials,2001-04-07,2001-08-09
118,Yundt-Fay,Sports Equipment,2022-01-10,2022-11-10
119,"Schulist, Herzog and Conn",Photography Services,2010-08-02,2011-03-10
120,"Farrell, Bartell and Schuppe",Art Supplies,2010-04-03,2010-08-06
121,Nolan LLC,Art Supplies,1996-09-09,1996-12-08
122,Considine-Reichel,Cleaning Services,2022-07-12,2022-11-12
123,"Pollich, Thompson and Armstrong",Printed Materials,2020-04-05,2021-02-04
124,Cassin Inc,Yoga Mats,2003-03-04,2004-03-09
125,Powlowski Group,Sound System,2001-07-01,2001-10-07
126,Paucek LLC,Stage Setup,2018-02-11,2018-10-05
127,Schuster and Sons,Photography Services,2011-05-01,2011-11-11
128,"Gusikowski, Durgan and Nader",Music Equipment,2006-04-10,2006-10-02
129,"Hirthe, D'Amore and Kuphal",Photography Services,2016-04-02,2016-07-11
130,Haag-Stoltenberg,Stage Setup,2006-06-04,2006-11-07
131,Oberbrunner-Willms,Art Supplies,2013-02-08,2013-10-10
132,"Terry, Douglas and Haag",Printed Materials,2006-01-08,2006-06-04
133,Veum Inc,Photography Services,2019-11-01,2020-09-08
134,Kunze-Stark,Sports Equipment,2014-12-02,2015-04-10
135,Mraz-Roberts,Sports Equipment,1992-05-07,1992-08-02
136,Haag-Collins,Music Equipment,2013-09-08,2013-11-02
137,Leuschke and Sons,Cleaning Services,2001-04-09,2001-06-03
138,Stark-Barrows,Sports Equipment,2022-06-10,2022-11-06
139,"Waelchi, McGlynn and Lehner",Sound System,2001-04-10,2002-01-04
140,Simonis-Schroeder,Cleaning Services,2021-10-09,2022-07-06
141,Bailey-Larkin,Printed Materials,1993-01-07,1993-04-02
142,"Hirthe, Marks and Sipes",Stage Setup,2014-09-09,2015-06-11
143,"Heaney, Kuhic and Prosacco",Printed Materials,2009-09-06,2010-05-03
144,Hartmann-Bode,Music Equipment,2016-07-08,2016-09-07
145,Moen-Hane,Sports Equipment,2012-07-07,2012-12-01
146,Lubowitz and Sons,Printed Materials,2015-04-09,2016-04-12
147,Kuhn Inc,Sound System,2021-08-11,2022-06-04
148,"Sporer, Smith and Jakubowski",Sports Equipment,2020-09-07,2021-05-02
149,Konopelski-Volkman,Music Equipment,2012-06-07,2013-04-02
150,Monahan and Sons,Sound System,1993-05-10,1993-06-01
151,Adams-Hilpert,Art Supplies,2000-07-08,2001-04-04
152,"Satterfield, Hickle and Kulas",Photography Services,2011-11-06,2012-02-12
153,Pollich-Balistreri,Sound System,1992-12-01,1993-02-06
154,Veum-Turcotte,Cleaning Services,2001-06-03,2002-03-05
155,Rutherford-Pfannerstill,Catering,2001-10-11,2002-05-08
156,Runolfsdottir Group,Printed Materials,2015-06-08,2015-12-11
157,Beier-Connelly,Art Supplies,2012-12-06,2013-04-04
158,"Cronin, Beatty and Dooley",Yoga Mats,2019-03-09,2019-11-04
159,Daugherty-Smith,Music Equipment,2008-10-06,2008-11-02
160,Effertz-Frami,Art Supplies,1994-06-09,1995-04-06
161,Kuphal-Connelly,Sports Equipment,2007-06-05,2007-12-09
162,Streich-Bosco,Sports Equipment,1990-06-09,1991-04-05
163,Adams LLC,Sound System,2010-04-01,2011-03-06
164,"Harris, Wunsch and Aufderhar",Photography Services,2015-10-01,2016-09-04
165,"Wiegand, Kautzer and Senger",Catering,2018-12-08,2019-11-04
166,"Hansen, Davis and Turner",Cleaning Services,2012-08-07,2012-11-04
167,Wehner-Volkman,Art Supplies,2017-11-01,2018-04-10
168,"McClure, Medhurst and Cronin",Photography Services,2024-08-08,2024-11-07
169,Auer and Sons,Yoga Mats,2010-11-11,2011-08-05
170,Pouros and Sons,Photography Services,2011-10-11,2012-07-01
171,"Bednar, Kohler and Pfannerstill",Sports Equipment,2002-07-10,2002-11-09
172,Nolan LLC,Cleaning Services,2005-07-12,2006-01-04
173,"Larkin, Hyatt and Runte",Cleaning Services,2002-12-06,2003-01-02
174,Tillman-Prosacco,Photography Services,2021-07-12,2022-04-06
175,"Shanahan, Howell and Goldner",Yoga Mats,1999-04-07,1999-08-12
176,McLaughlin-Hills,Yoga Mats,2009-08-08,2010-05-08
177,Kirlin-Schroeder,Yoga Mats,2001-11-04,2002-07-07
178,Pacocha Group,Cleaning Services,1992-02-12,1992-05-01
179,Wintheiser and Sons,Catering,2004-07-02,2004-08-10
180,Grady Inc,Catering,2017-09-06,2018-06-01
181,Rutherford Group,Art Supplies,1997-06-09,1997-09-01
182,Smitham Group,Cleaning Services,1997-02-03,1998-01-02
183,McGlynn Inc,Photography Services,2019-11-06,2020-08-12
184,Keebler Group,Cleaning Services,1993-04-05,1993-08-03
185,"Grady, Schneider and McClure",Sports Equipment,2009-08-09,2009-12-12
186,"Lueilwitz, Hermann and Thompson",Sound System,1999-02-07,1999-06-06
187,"Rau, Graham and Mitchell",Yoga Mats,1995-08-01,1995-11-08
188,Ryan LLC,Yoga Mats,2005-05-08,2006-01-05
189,Kling-Schmeler,Printed Materials,2005-04-09,2005-06-02
190,Okuneva-Ward,Printed Materials,1994-05-05,1994-07-04
191,Wyman and Sons,Yoga Mats,2012-02-12,2012-08-04
192,"Gislason, Weber and Reichel",Catering,2014-12-02,2015-06-12
193,Heller Inc,Sound System,1992-07-01,1993-05-02
194,Wolf Group,Photography Services,2018-08-03,2018-12-05
195,Armstrong-Sawayn,Stage Setup,2012-09-05,2013-01-12
196,Reynolds-Brown,Music Equipment,2003-04-03,2003-07-01
197,"Fahey, Wehner and Feest",Music Equipment,2023-05-03,2023-10-06
198,"Lubowitz, Deckow and Kshlerin",Cleaning Services,1995-08-03,1996-05-08
199,"Tillman, VonRueden and O'Hara",Printed Materials,2023-07-10,2024-02-11
200,Howe LLC,Sports Equipment,2009-03-01,2010-01-02
201,Carroll Inc,Photography Services,2012-03-05,2012-07-02
202,"Streich, Boyle and Deckow",Printed Materials,2020-07-09,2021-04-05
203,Braun Group,Cleaning Services,1998-05-05,1999-04-11
204,Ratke LLC,Music Equipment,1996-08-02,1997-01-11
205,Mayer-Schultz,Yoga Mats,2013-03-06,2014-03-02
206,Gottlieb-Kerluke,Sports Equipment,1998-06-06,1999-02-09
207,"Quigley, Stark and Collins",Stage Setup,1998-06-09,1998-08-02
208,Bernier-Greenfelder,Sports Equipment,1998-01-05,1998-08-12
209,Hartmann and Sons,Sports Equipment,2018-08-05,2018-12-04
210,Streich LLC,Photography Services,2010-12-12,2011-09-07
211,"Maggio, Kunde and Sanford",Photography Services,2014-08-01,2014-09-06
212,Howell-Wisozk,Sound System,2017-01-01,2017-12-04
213,Trantow and Sons,Music Equipment,1992-06-07,1992-09-05
214,Gislason Group,Sports Equipment,1998-06-03,1999-01-05
215,"Windler, Corkery and Mueller",Music Equipment,1992-04-02,1992-06-01
216,King LLC,Art Supplies,2015-03-06,2015-05-12
217,Jast-Grady,Stage Setup,2004-05-09,2004-12-08
218,Connelly-Lynch,Photography Services,1993-07-04,1993-09-06
219,Mraz-Ruecker,Yoga Mats,2018-04-07,2018-05-12
220,"Jakubowski, Stroman and Kerluke",Photography Services,2006-07-07,2007-05-09
221,Lynch-Heaney,Photography Services,1990-07-09,1991-02-01
222,Ankunding and Sons,Art Supplies,2022-08-09,2023-02-06
223,Feest-Jerde,Printed Materials,2013-07-02,2013-11-07
224,Walker-Padberg,Art Supplies,1999-02-06,1999-09-08
225,Emard and Sons,Music Equipment,2015-05-08,2015-09-07
226,Wolf LLC,Photography Services,2016-05-05,2017-04-04
227,Jacobson-Heidenreich,Sports Equipment,2012-03-08,2012-09-05
228,"Kulas, Goyette and Monahan",Music Equipment,2011-08-03,2011-12-05
229,"Schneider, Cartwright and Cole",Cleaning Services,2010-02-12,2011-02-09
230,O'Conner-Gusikowski,Sound System,2012-04-04,2013-01-05
231,"Kuhn, Runte and Rowe",Art Supplies,2009-11-03,2010-07-10
232,Funk-Smith,Yoga Mats,2007-12-03,2008-08-10
233,Ankunding LLC,Yoga Mats,1998-11-01,1999-02-04
234,Renner-Bartell,Catering,2010-09-09,2010-10-10
235,"Ortiz, Kuphal and Ledner",Music Equipment,2021-11-01,2021-12-04
236,Mosciski-Fisher,Catering,2013-11-12,2014-01-09
237,"Goldner, Beahan and Huels",Yoga Mats,1991-10-03,1992-03-11
238,Nienow and Sons,Printed Materials,2005-11-07,2006-09-07
239,"Deckow, Kihn and Beier",Yoga Mats,2022-06-11,2023-04-04
240,O'Conner LLC,Sound System,1998-11-11,1999-04-04
241,Buckridge and Sons,Yoga Mats,2003-03-10,2003-12-06
242,Langworth-Beahan,Catering,2023-09-04,2024-06-04
243,McKenzie and Sons,Music Equipment,2021-07-12,2021-12-01
244,"Reichert, Rath and O'Connell",Catering,2020-07-09,2021-03-02
245,"Rohan, Emmerich and Greenfelder",Sports Equipment,2010-07-03,2011-02-10
246,Kutch LLC,Yoga Mats,2004-07-09,2005-06-06
247,Mueller-Beatty,Art Supplies,2019-08-08,2020-06-10
248,Harris-Rogahn,Printed Materials,2004-05-02,2004-10-04
249,"Zieme, Lebsack and Macejkovic",Sound System,1990-08-07,1991-07-03
250,"Lemke, Skiles and Ziemann",Stage Setup,1997-09-05,1997-11-02
251,Hahn Inc,Yoga Mats,2021-07-03,2021-08-02
252,Botsford-Kozey,Art Supplies,2016-09-06,2016-10-04
253,"Grimes, Greenholt and Hudson",Printed Materials,2007-04-10,2007-12-01
254,Yost-Waelchi,Music Equipment,2011-06-12,2011-09-08
255,"Medhurst, Walsh and Jast",Sound System,2014-11-06,2015-05-08
256,"Buckridge, Mohr and Lindgren",Photography Services,2011-10-02,2012-05-11
257,"Grimes, Langworth and Hoeger",Yoga Mats,1991-09-05,1992-03-07
258,"Brekke, Howe and Mayert",Sports Equipment,2013-08-01,2014-07-12
259,"Hilpert, Durgan and O'Connell",Music Equipment,2003-06-05,2003-10-08
260,Weimann-Leffler,Art Supplies,1995-05-04,1996-02-03
261,Schiller Group,Catering,1991-07-09,1991-10-07
262,"Bruen, Glover and Reichert",Photography Services,2005-12-08,2006-11-02
263,"McGlynn, Schmidt and Kozey",Yoga Mats,1998-09-03,1999-05-10
264,Nienow-Reichert,Sound System,2007-11-05,2008-07-02
265,"Maggio, Hackett and Huels",Photography Services,2008-03-07,2008-06-12
266,Huel-Stanton,Catering,2003-03-09,2003-06-11
267,"Bergstrom, Dietrich and Fritsch",Cleaning Services,2004-03-05,2005-02-12
268,"Bartell, Larson and Cole",Art Supplies,1992-11-04,1993-03-12
269,Langworth-Baumbach,Sports Equipment,2018-05-03,2018-08-06
270,"Bahringer, Becker and Hartmann",Music Equipment,2022-07-10,2023-07-05
271,Hodkiewicz-Wyman,Yoga Mats,1995-04-09,1995-07-01
272,Yost Inc,Cleaning Services,2005-08-12,2005-10-11
273,"Marks, Hilpert and Olson",Cleaning Services,2012-12-06,2013-01-06
274,"Braun, O'Reilly and McGlynn",Stage Setup,2007-02-02,2007-03-03
275,Gutmann LLC,Sound System,1993-08-10,1993-09-10
276,"Donnelly, Borer and Nader",Stage Setup,2016-01-06,2016-05-04
277,Lockman-Stracke,Cleaning Services,2013-09-02,2013-10-03
278,Collins Inc,Stage Setup,2002-05-10,2002-10-05
279,McKenzie-Lemke,Sound System,2016-08-02,2017-05-10
280,"Casper, Wolf and Rowe",Yoga Mats,1990-07-04,1991-01-11
281,Upton-Hessel,Catering,2006-12-04,2007-06-01
282,"Effertz, Waelchi and Kutch",Sports Equipment,2004-08-05,2004-10-06
283,"Parisian, Marks and Haag",Printed Materials,2001-07-12,2002-01-03
284,Swift-Blanda,Sports Equipment,2007-10-06,2008-05-04
285,Connelly-Beatty,Yoga Mats,1991-10-10,1992-10-05
286,"Schinner, Schoen and O'Connell",Printed Materials,1993-01-02,1993-10-12
287,"Stracke, Wiza and Bradtke",Art Supplies,2022-06-12,2022-09-06
288,Weissnat Inc,Sports Equipment,1996-01-12,1996-12-09
289,"Gleichner, Farrell and Bernier",Art Supplies,1996-06-12,1997-05-08
290,"Crist, Kiehn and Mills",Printed Materials,2008-06-02,2008-07-08
291,Runolfsson Group,Catering,2006-02-11,2006-04-06
292,Prosacco Inc,Photography Services,2004-03-12,2004-05-02
293,Davis-Goodwin,Sound System,1993-06-05,1994-01-03
294,Kreiger-Schultz,Stage Setup,2006-11-03,2007-04-04
295,"Metz, Wolff and Farrell",Photography Services,1993-11-10,1994-04-12
296,Kulas-Schinner,Printed Materials,2006-03-11,2007-01-08
297,"Brakus, Lakin and Towne",Sports Equipment,1994-10-04,1995-09-06
298,Schimmel-Pfeffer,Sound System,2005-04-03,2005-11-06
299,Crooks-Dietrich,Sound System,2014-01-12,2014-09-01
300,"Stracke, Feest and Funk",Sound System,2016-08-03,2017-03-04
301,Smith and Sons,Photography Services,1991-01-01,1991-10-04
302,Johns LLC,Catering,2009-10-03,2010-09-11
303,"Bernhard, Reynolds and Mueller",Catering,2003-09-04,2004-08-04
304,Paucek-Spinka,Photography Services,2015-05-08,2016-04-12
305,Wunsch LLC,Music Equipment,2005-09-05,2006-05-10
306,Schmidt-Mertz,Yoga Mats,2021-11-05,2022-02-04
307,Kub Group,Sports Equipment,1991-07-03,1991-10-04
308,"Dach, Flatley and Bins",Stage Setup,1993-06-08,1994-01-06
309,Aufderhar LLC,Music Equipment,2000-03-04,2000-09-01
310,"Schiller, Parker and VonRueden",Sound System,1996-01-04,1996-11-11
311,Jacobi-Hammes,Cleaning Services,2011-09-05,2012-01-05
312,Doyle LLC,Printed Materials,2001-07-05,2002-06-06
313,"Zulauf, Reichert and Stehr",Music Equipment,2017-09-01,2017-11-06
314,Nitzsche-Gleichner,Sports Equipment,1993-12-02,1994-06-01
315,Durgan and Sons,Music Equipment,2013-08-09,2013-11-09
316,Stark and Sons,Sound System,2022-03-09,2022-06-05
317,"Leannon, Homenick and Leffler",Cleaning Services,2005-02-04,2005-10-11
318,"Beatty, Dach and Swaniawski",Art Supplies,2000-08-09,2001-03-11
319,Crist-Lockman,Photography Services,1996-05-06,1996-10-12
320,Murazik and Sons,Yoga Mats,2009-08-05,2010-04-11
321,Schroeder Group,Printed Materials,2018-03-08,2019-01-04
322,"Schultz, Torp and Altenwerth",Sports Equipment,2024-05-02,2024-06-12
323,"Leuschke, Hayes and Stoltenberg",Catering,2018-06-06,2019-01-10
324,Gutmann and Sons,Sound System,2004-10-03,2005-07-03
325,Purdy-Glover,Catering,1991-04-01,1992-03-03
326,Hoeger-Gleason,Yoga Mats,2004-03-02,2004-12-12
327,"Ullrich, Breitenberg and Bogan",Sound System,2009-09-01,2010-01-04
328,Ondricka Group,Sports Equipment,1999-02-02,1999-10-04
329,Kiehn-Harber,Cleaning Services,2003-01-03,2003-12-05
330,Schmeler and Sons,Art Supplies,2000-11-12,2001-10-09
331,Farrell and Sons,Photography Services,2006-01-02,2006-04-12
332,Leffler Inc,Music Equipment,2019-05-08,2019-08-10
333,"Jacobs, Langosh and Nader",Music Equipment,2023-07-12,2024-06-05
334,"Wilderman, Kautzer and Bosco",Sound System,1991-11-06,1992-02-05
335,Crooks Inc,Yoga Mats,2022-05-11,2022-07-04
336,"Mohr, Borer and Davis",Photography Services,2016-06-06,2017-04-12
337,"Hoppe, Stark and Labadie",Cleaning Services,2012-04-05,2012-10-03
338,Von-Fahey,Music Equipment,2016-05-06,2017-02-05
339,Nader and Sons,Stage Setup,2004-10-03,2005-09-03
340,Tromp-Kuhic,Art Supplies,2010-06-10,2010-12-06
341,Rodriguez-Metz,Sound System,1990-06-03,1991-02-05
342,Blanda-Torp,Sports Equipment,2004-03-05,2004-04-02
343,"Reinger, Wintheiser and Reinger",Music Equipment,2011-12-12,2012-02-01
344,"Volkman, Cummings and Kshlerin",Yoga Mats,1993-05-11,1994-02-11
345,Leannon-Streich,Photography Services,2007-08-10,2008-01-05
346,Deckow-Reilly,Cleaning Services,2023-04-11,2024-04-10
347,Kozey-Bogan,Printed Materials,1994-10-12,1995-10-10
348,Gislason LLC,Sound System,2006-03-01,2006-09-07
349,Smith and Sons,Printed Materials,2003-04-05,2003-05-08
350,Friesen-Kozey,Yoga Mats,2000-12-02,2001-02-06
351,Schaefer-Heidenreich,Yoga Mats,1999-09-01,2000-06-08
352,Moen-Haag,Yoga Mats,1995-08-10,1996-06-07
353,"Goodwin, Tillman and Baumbach",Cleaning Services,1995-04-06,1995-09-10
354,Bednar Group,Sound System,2016-01-05,2016-05-07
355,"Koch, Rodriguez and Ferry",Sound System,2003-06-08,2003-12-07
356,Ziemann-Pfeffer,Printed Materials,2023-11-07,2024-10-12
357,Reichert-Grant,Art Supplies,2022-11-03,2023-10-03
358,Jacobi-Lesch,Photography Services,2009-09-08,2010-04-03
359,Terry LLC,Stage Setup,2003-12-10,2004-07-03
360,Quitzon and Sons,Photography Services,1999-05-06,1999-06-07
361,Kuhic-Schaefer,Sound System,1992-06-08,1992-07-09
362,Gleichner-Labadie,Music Equipment,1994-07-11,1995-06-03
363,"Conroy, Conn and Thiel",Stage Setup,1992-03-11,1992-09-01
364,Kuhlman-Kuhn,Sound System,2001-02-11,2001-05-02
365,West-Nienow,Printed Materials,1995-12-11,1996-10-08
366,Farrell-Kub,Printed Materials,1993-07-03,1993-08-07
367,"Witting, Schumm and Jacobson",Catering,1997-11-01,1998-05-03
368,Murphy and Sons,Sports Equipment,2009-08-01,2009-12-03
369,Flatley-Wyman,Photography Services,1994-10-03,1994-12-09
370,"Stanton, Lueilwitz and Nienow",Art Supplies,2008-03-05,2008-11-12
371,Hudson Inc,Sound System,2022-05-10,2022-09-07
372,"Runolfsdottir, Christiansen and Balistreri",Sports Equipment,2005-12-02,2006-08-05
373,"Doyle, Kub and Dooley",Yoga Mats,2007-05-06,2007-11-05
374,Jakubowski and Sons,Printed Materials,2003-06-01,2004-05-05
375,Herman LLC,Cleaning Services,2006-05-05,2006-07-07
376,Hoeger-Harber,Stage Setup,1996-03-01,1997-01-08
377,Tremblay Group,Cleaning Services,1992-08-03,1992-12-02
378,Purdy-Klein,Stage Setup,1991-08-02,1992-05-06
379,Ferry Group,Sound System,1993-07-08,1993-12-03
380,Barrows-O'Conner,Sports Equipment,2005-03-07,2005-08-06
381,"Kub, Ferry and Lebsack",Art Supplies,2010-10-11,2011-05-11
382,"Schowalter, Gleichner and Schneider",Cleaning Services,1994-02-11,1994-10-07
383,Reinger-Bailey,Art Supplies,2009-01-07,2009-05-06
384,Larkin-Schoen,Photography Services,2019-07-05,2020-01-10
385,Nienow and Sons,Music Equipment,1998-04-04,1998-11-07
386,Toy and Sons,Stage Setup,1994-10-05,1995-05-02
387,"Leffler, Cummings and Berge",Printed Materials,2021-04-11,2022-03-09
388,Graham-Lakin,Printed Materials,2023-04-04,2023-06-09
389,Dietrich-Boehm,Art Supplies,2004-07-09,2004-09-11
390,"West, West and Dach",Printed Materials,2025-03-07,2026-01-03
391,Leuschke-Rice,Yoga Mats,2023-11-11,2024-05-01
392,Prohaska LLC,Art Supplies,2019-09-04,2020-04-03
393,"Hackett, Ankunding and Roberts",Printed Materials,2013-01-11,2013-10-10
394,Keebler-Schmitt,Cleaning Services,1992-11-09,1993-11-07
395,Wyman and Sons,Art Supplies,2000-01-11,2000-07-01
396,Nader Inc,Stage Setup,1999-11-03,2000-02-08
397,Bogisich-Lakin,Photography Services,2021-12-08,2022-07-06
398,O'Reilly LLC,Printed Materials,2020-05-06,2021-01-05
399,Gutmann LLC,Catering,2016-04-01,2016-07-03
400,Cartwright Inc,Sound System,2009-09-09,2010-03-06
